,RBI bullish on blockchain, embraces the idea of digital rupee,,
,Bitcoin jumps above &#36,1,000 for first time in three years,
,Can you launder black money using bitcoins?,,,
,Afraid to invest in bitcoin? Unocoin's SIP plan might help,,,
,Zebpay looks to make hay while bitcoin shines,,,
,Unocoin launches Bitcoin mobile app on iOS and Android,,,
,Volatile and interesting months ahead for bitcoin: Charles Hayter on Bitmain's hard fork,,,
,Big correction on crypto-street: Bitcoin, other digital currencies crash 10-20%,,
,Apart from crazy rallies, cryptocurrencies have other perks too,,
,Here's a quick look at ethereum, the cryptocurrency challenging bitcoin's dominance,,
,Flippening in sight? Ethereum up 5000% YTD, but bitcoin falls $400 in a day,,
,Heavy buying from Japan, South Korea fuels bitcoin past $3000, ether tops $300,
,Rise of Ethereum: Why this cryptocurrency skyrocketed 3000% in 2017,,,
,Profit booking hits crypto-street: Top digital currencies see double digit fall from highs,,,
,Rs 10,000 invested in this 'currency' in 2010 would have got you Rs 66 crore today,,
,New frontiers: Bitcoin goes past $2500, Ethereum up 2000% but fate of cryptocurrencies still uncertain in India,,
,What is Bitcoin and how it changed concept of money forever,,,
,Bitcoin's roaring rally continues, tops $1700, $2500-3500 seen by 2017 end,
,History of bitcoin across the globe and how have countries accepted it,,,
,Bitcoin breaks past $1500-mark, could crack $1600 soon,,
,Rise of the underdog: Ether’s 900% rally this year blunts some of bitcoin’s edge,,,
,Bitcoin at record high of $1400 on rising global acceptance, all eyes now on India,,
,Bitcoin: A revolutionary idea, but is it bulletproof?,,
,Exclusive: Should Bitcoin be allowed in India? Govt panel to meet on April 20 to discuss,,,
,Modi govt warns against use of Bitcoins, says can attract anti-money laundering law,,
,Bitcoin faces 'civil war' that may split it into two, but it may be good for currency,,
,Bitcoin may be in a bubble but it's about to disrupt the concept of money. Here's why,,,
,BJP's Kirit Somaiya terms bitcoin a 'pyramid ponzi scheme'. Is he right?,,,
,G20 on blockchain: Essential to build accountable digital economy for all,,,
,US SEC rejects Winklevoss bitcoin ETF proposal, currency stays resilient as not all is bad news,,
,Bitcoin now more valuable than gold, close to $1300 on ETF talk,,
,Was wrong before, I now understand bitcoin but still not buying it: Howard Marks,,
,Blockchain and Unocoin announce largest bitcoin partnership in India,,,
,Panic sell-off: Cryptocurrencies lose over $36 bn in m-cap as China cracks down on ICOs,,,
,Bitcoin tops $4700, altcoins at new highs, a wrap of the major action on cryptostreet,
,Bitcoin swings wildly after topping out at $4,400, prices up 4X this year,
,As markets tank, bitcoin rockets past $3700, is it the new safe haven?,
,BitBay forays into India, to offer trade in 6 more cryptocurrencies apart from Bitcoin,,
,New P2P cryptocurrency-fiat exchange platform Qvolta aims to compete with LocalBitcoins,,,
,Interview: CEO of world's largest bitcoin cloud miner answers the most important questions on bitcoin mining,,,
,Bitcoin zooms past $3200 to all-time high, baby brother ‘Bcash’ struggles to hold above $200,,
,Bitcoin enthusiast? Now trade in ethereum, litecoin and ripple with INR from Aug 25 on Koinex,,
,New kid on the blockchain: Bitcoin Cash holds above $200 after hard fork, Bitcoin sees minor fall,,
,A new currency: Bitcoin's 'civil war' ends on Tuesday and 'Bitcoin Cash' will be born,,,
,You may disagree with Howard Marks on bitcoin but read what he thinks about ICOs,,,
,They're not real: What legendary fund manager Howard Marks thinks about cryptocurrencies,,,
,Bitcoin, cryptocurrencies to be more accessible as TenX plans to issue crypto-debit cards,,
,Prepared for a hard fork but may shut operations around Aug 1: Indian bitcoin exchanges,,,
,What the 'fork': Risks, precautions ahead of Bitcoin 'civil war' conclusion on Aug 1,,
,Cryptocurrency fall continues ahead of Bitcoin's 'civil war' conclusion on Aug 1, Ether below $200,,
,Exclusive: Bitcoin unlikely to be declared illegal in India, regulatory ownership not decided yet,,
,Commodity Champions: The crypto craze,,,
,'Buy Bitcoin' sign guy gets $11,000 from crypto-community for photobombing Janet Yellen,,
,Ethereum down 50%, bitcoin falls 22% MoM: Have crypto assets entered a bear market?,,
,Ethereum, bitcoin crash: Mcap for cryptocurrencies tumbles $16 bn in 2 days,,
,Bitcoin exchange Belfrics soon to have an ICO for its upcoming Belrium blockchain,,,
,Are Bitcoins worth a bet? HNIs come calling but regulators yet to buy in,,,
,Cryptocurrency craze: Will Bitcoin, Ripple, Ethereum hurt gold in 2018?,
,Goldman Sachs to set up cryptocurrency trading desk: Report,,,
,Amitabh Bachchan rode the bitcoin wave and is now a cryptocurrency crorepati,,,
,Cryptocurrency a boon to digital transactions &amp, financial inclusion,,
,Bitcoin frenzy: Mumbai-based Koinex raises funding from Beenext & Pantera Capital,,,
,Bitcoin hits another record high in march toward $20,0,,
,Cryptocurrency exchanges Coinbase, Bitfinex down,,
,Newly minted bitcoin futures indicate more modest growth ahead,,,
,Bitcoin tops record $19,000 on Coinbase exchange, then plunges in wild 2-day ride,
,Nobel laureate Joseph Stiglitz demands bitcoin to be 'outlawed',,,
,White House says it is monitoring rise of cryptocurrencies, IMF seeks its regulation,,
,Govt doesn't recognise cryptocurrency as legal, says Arun Jaitley,,
,Nasdaq plans to let investors bet on Bitcoin's trajectory,,,
,10 cryptocurrencies other than Bitcoin and Ether that have crossed $1 billion valuation in no time,,,
,Explainer: What is bitcoin and how does it work?,,,
,'Buy bitcoin with credit card' is on the rise on Google and sparking bubble fears,,,
,$10,000 in sight for bitcoin as it rockets to new record high,,
,DATA STORY: Energy consumed by bitcoin miners around the world is more than over 150 countries,,,
,Police book ATC Coin founder for diversion of funds from crypto business,,,
,RBI-backed cryptocurrency? Why idea of crypto-rupee may not be as good as it sounds,,,
,Government mulling India's own cryptocurrency,,,
,Bitcoin falls below $3000 as Chinese regulator orders cryptocurrency exchanges to shut shop,,,
,China’s oldest bitcoin exchange BTCC to shut operations, cryptocurrencies shed $17 bn in mcap,,
,Bitcoin price dips below $4,000 as ban of exchanges in China spooks crypto-street,,
,If you own bitcoin, Warren Buffett's cryptocurrency predictions are scary. How to cope,,
,Bitcoin skids on news South Korea prepares to ban cryptocurrency trade,,,
,South Korea's major cryptocurrency exchanges raided by police, tax authorities,,
,Jamie Dimon says he regrets calling bitcoin a fraud and believes in the technology behind it,,,
,Cryptocurrency may be getting quietly channelled to North Korea university: Report,,,
,Venezuela's Nicolas Maduro says his country will issue $5.9 billion in oil-backed cryptocurrency,,,
,Bitcoin not a legal tender, not a recognised medium of exchange,,
,Over 500% in 5 days! Tron enters list of top 10 cryptocurrencies,,,
,Everything you want to know about Bitcoin and cryptocurrencies: Origin, risks, how they work, and potential
,Can the rise of cryptocurrency impact currency market in India?,,,
,Cryptocurrency marketplace Coinbase puts an end to rumours that it may add Ripple to its exchanges,,,
,The browser that stops miners secretly using your computer's power to mine cryptocurrencies,,,
,Ripple cryptocurrency hits a record high above $3, gains more than 49,500% in last 12 months,
,Everything you want to know about Ripple, the cryptocurrency that rose 36000% in 2017,,
,Cryptocurrencies not legal tender in India: Finance Minister Arun Jaitley,,,
,The East Asian country that is considering an outright ban on bitcoin,,,
,Google Chrome takes down browser extension which secretly mined cryptocurrency,,,
,The journey of Bitcoin in 2017: Cryptocurrency adds yet another zero,,,
,Finance Ministry cautions against bitcoin, says 'virtual currencies are like ponzi schemes',,
,South Korea to impose new curbs on cryptocurrency trading,,,
,Bitcoin struggles to hold above $16,0, crypto marketplace Coinbase reports transaction delays,
,Bitcoin could hit $60,000 in 2018 but another crash is coming, says startup executive,
,Bundesbank says no euro zone cryptocurrency in sight,,,
,Beware! This malware can literally bake and burn your smartphone,,,
,Litecoin founder sells all his litecoins, cites 'conflict of interest',,
,Japan raps Coincheck, orders broader checks after $530 million cryptocurrency theft,,
,Japan's crypto exchange to refund to customers after theft,,,
,'Regulating cryptocurrencies can help boost trust in them',,,
,John McAfee blames banks in India for fall in cryptocurrencies, suggests not to panic,,
,Investors pumping $300,000 per second into cryptocurrency initial coin offerings: EY research,,
,Largest bank of Nordic region forbids its 31,000 employees from trading in Bitcoin,,
,South Korea to ban cryptocurrency traders from using anonymous bank accounts,,,
,Noose on cryptocurrency exchanges tightens as RoC stops registration,,,
,Top banks including SBI, Axis, ICICI suspend some a/cs of major Bitcoin exchanges in India: Report,
,India sends tax notices to cryptocurrency investors as trading hits $3.5 billion,,,
,Bitcoin bloodbath: Winklevoss twins, whose bitcoin investment made them billionaires, back in the millionaire club,
,Crypto-firm BitConnect shuts its lending platform, coin's price tumbles, investors staring at huge losses,
,South Korea considers shutting down domestic cryptocurrency exchanges,,,
,Bitcoin slumps below $10,0, half its peak, as regulatory fears intensify
,Bubble or not! Facts you might not know about bitcoin rally,,,
,Bitcoin jolted by regulation worries, falls 7% on extended selloff,,
,Bitcoin and ethereum suffered massive drops, but many cryptocurrencies are faring even worse,,
,Biting Bitcoin: Rs 1 lakh invested in Bitcoin a month ago is now worth Rs 62,0,,
,Is it too late to invest in Bitcoin?,,,
,China is reportedly raising the bar on its cryptocurrency crackdown,,,
,This Indian city was the most curious about bitcoin globally in 2017, Google data shows,,
,South Korea says planned ban on cryptocurrency market not yet finalised,,,
,Commodity Champions: What is blockchain technology?,,,
,Cryptocurrencies: Why the carnage?,,,
,Panel examining cryptocurrency-related issues submits report,,,
,Bitcoin bounces back from Tuesday's lows of USD 6,0,,
,IT department issuing notices to cryptocurrency investors: CBDT chairman Sushil Chandra,,,
,CBDT head says gains from investments in cryptocurrencies such as Bitcoin are taxable,,,
,Bitcoin drops below $6,200 for first time in three months,,
,Bitcoin extends slide, falls below $7,0,
,Game Chaingers: Unicef appeals gamers to mine cryptocurrency Ether to help Syrian kids,,,
,Samsung rides cryptocurrency boom, to manufacture chips used for mining,,
,Bitcoin prices drop below $8000 as governments become more cautious,,,
,China looks to stamp out cryptocurrency trading,,,
,Economist who correctly predicted 2008 crisis says Bitcoin is 'mother of all bubbles',,,
,South Korea says North stole cryptocurrency worth billions of won last year,,,
,Budget 2018: FM's stance on crypto leaves industry in a tizzy, experts warn on stifling innovation,,
,IT will tax bitcoin trade, has issued few lakh notices: CBDT,,
,Budget 2018 Podcast: The Fate of Cryptocurrency,,,
,Breach at cryptocurrency exchange Coincheck biggest crypto heist in the world,,,
,Budget 2018: FM Jaitley calls cryptocurrencies illegal, operators say it's business as usual,,
,Budget 2018: Cryptocurrency hits a wall, Digital India scales one,,
,Budget 2018: Crypto currencies not legal, will eliminate their use, says, Arun Jaitley
,Budget 2018: Arun Jaitley says cryptocurrency is not legal tender, government will discourage its use,,
,Budget 2018: Top 5 reasons why Indian cryptocurrency holders should keep track,,,
,South Korea says uncovered about $600 million in cryptocurrency crimes,,,
,Coincheck hackers attempting to sell stolen cryptocurrency: Jeff McDonald,,,
,Gold only alternative currency to have worked: Uday Kotak,,,
,Britain sees first Bitcoin armed robbery: reports,,,
,YouTube serves cryptocurrency miner-laden ads which drains your CPU power,,,
,Security expert says North Korea may have raked up to USD 200m in bitcoin transactions last year,,,
,Blockchain in India: Moving beyond the rhetoric,,,
,Cryptocurrency rules will be done country-by-country at first: Mark Carney,,,
,Put Aadhaar on blockchain, use tech to revolutionise industry: Expert,,
,Here's what Bill Gates has to say about cryptocurrencies,,,
,Lawsuit alleges self proclaimed 'Satoshi' Craig Wright stole $5bn worth of bitcoins from his partner,,,
,Venezuela raises USD 735m on first day of pre-sale of its cyptocurrency, to launch another based on gold,,
,Liberland: The newly formed ‘nation’ running on Bitcoin and Bitcoin Cash,,,
,‘Cryptocurencies could drop to near-zero any time’: Ethereum founder Vitalik Buterin,,,
,Venezuela begins selling oil-backed cryptocurrency,,,
,South Korea's cryptocurrency industry welcomes regulator's dramatic change of heart,,,
,SBI Card cautions customers against Bitcoin investment,,,
,"BoE's Mark Carney says Bitcoin has ""pretty much failed"" as currency",,,
,US Congress sets sights on federal cryptocurrency rules,,,
,Number of crypto hedge funds soars amid bitcoin volatility,,,
,Are Cryptocurrencies right mode of investment for Indian investors?,,,
,Cryptocurrency traders to file lawsuit against Coincheck on Thursday: Lawyer,,,
,Japan in rush to create cryptocurrency rules after $530 mn Coincheck heist,,,
,US, UK government websites infected with Crypto-Mining malware: Report,,
,RBI panel bats for self-regulation, legal reforms for fintech companies,,
,Singapore-based ICO calls police about bug hunter which leaked user’s passport data,,,
,Nearly half of all Bitcoin transactions associated with illegal activities: Research,,,
,Forbes releases first cryptocurrency rich list, Chris Larsen at the top,,
,Japan regulator to inspect more cryptocurrency exchanges: Source,,,
,Man sues T-Mobile for failing to prevent hackers from stealing from his cryptocurrency account,,,
,RBI regulated entities barred from dealing with cryptoexchanges,,,
,John McAfee reveals how much he charges for one promotional tweet about cryptocurrency,,,
,Google bans cryptocurrency mining browser extensions from Chrome,,,
,Bitcoin bleeds heavily in first quarter of 2018, loses $120 billion in market cap,,
,Bitcoin slumps below $8,0, other cryptocurrencies also trading in red,
,Twitter to ban cryptocurrency ads as online crackdown widens,,,
,Invest in cryptocurrencies with long-term view: Nischint Sanghavi,,,
,California Software board approves JV proposal for i-Cryptocurrency, ICO,,
,Cryptocurrency exchange bug allowed users to transfer unlimited Ethereum to themselves,,,
,Tracking bitcoin was NSA’s ‘#1 priority’ reveals a secret document provided by Snowden,,,
,Interested in Bitcoin, Ripple? Beginner's guide to trading on cryptocurrency exchanges,,
,Delhi woman loses Rs 41 lakh after her bitcoin wallet is hacked,,,
,After Google & Facebook, Twitter may also ban cryptocurrency ads in coming weeks,,
,Trump bans US use of Venezuelan cryptocurrency,,,
,US bans use of Venezuela's new petro currency,,,
,City bans cryptocurrency mining after residents foot higher electricity bills,,,
,DATA STORY: Bitcoin's slide earlier this year wasn't its steepest, it has been through more troubled waters,,
,Bitcoin slumps to month's low after Google's decision to ban cryptocurrency ads from June,,,
,Fight fire with fire: IMF’s Christine Lagarde on perils associated with cryptocurrency,,,
,Cryptocurrency exchange Binance offers $250K bounty for a tip off about hackers,,,
,French company launches heater which warms the room while mining cryptocurrencies,,,
,Hacked Japan crypto exchange refunds customers,,,
,Japan punishes cryptocurrency exchanges after hack,,,
,Lawsuit filed against cryptocurrency exchange Coinbase over BCH insider trading,,,
,Shady Chinese ICO puts actor Ryan Gosling's image as team member, claims to have raised USD 830K,,
,A malicious Chrome extension is using Facebook Messenger to target cryptocurrency users,,,
,India's cryptocurrency investors bet trading will survive bank ban,,,
,Crypto-exchange Coincheck had earned profits of $490m before massive heist,,,
,Japan's Coincheck posts $433 million writedown in year to March,,,
,We are planning for an ICO of $25 million soon: Akash Aggarwal, CEO, Alluma,
,British finance expert sues Facebook for publishing fishy cryptocurrency ads,,,
,Bitcoin, Ripple rise sharply again: Is there a way to invest despite RBI clampdown?,,
,Bitcoin extortion case: Amreli SP arrested by Gujarat CID,,,
,Bitcoin rises again! USD10K in sight as cryptocurrency surges 36% in April,,,
,Court seeks RBI, govt response after crypto exchange challenges central bank circular,,
,Philippines boxer Manny Pacquiao to launch his own cryptocurrency,,,
,Man accused of stealing bitcoin mining equipment flees country on Icelandic PM's plane,,,
,‘Bitcoin may be with us for a while’: Nobel winning economist Shiller corrects his stand,,,
,Bitcoins worth Rs 22 crore stolen from Delhi-based cryptocurrency exchange, company accuses own officer,,
,Another cryptocurrency fraud? Vietnam investigates after over Rs 4300 crore losses reported,,,
,Vietnam eyes cryptocurrency crackdown after alleged $660 mn scam,,,
,Bengaluru, Mumbai lead blockchain job creation with close to 50% of all job postings,,
,Indian cryptocurrency exchanges considering challenging RBI's diktat,,,
,RBI's crackdown on cryptocurrencies forces Indian exchanges to think of moving abroad: Report,,,
,SIT on black money: Reviews cryptocurrencies, directs clampdown,,
,RBI says all regulated entities will have to stop dealing in virtual currencies from July 6,,,
,After RBI's salvo, what happens to your bitcoins now?,,
,RBI's diktat on virtual currencies: Here's what cryptocurrency startups have to say,,,
,ED begins crypto crackdown, books businessman over Rs 2000 cr bitcoin Ponzi scheme,,
,Director of firm involved in bitcoin scam held,,,
,'Don't want to be Bitcoin spokesman': Jamie Dimon's latest comment on popular cryptocurrency,,,
,Japanese financial regulator blames executives in its first crypto-exchange rejection report,,,
,CFTC official says cryptocurrencies are here to stay, could transform economic landscape,,
,Coinbase says it's 'on track' to become a regulated securities firm,,,
,Sherpa dies on Mount Everest during a cryptocurrency promotion stunt,,,
,Bitfinex briefly halts trading after cyber attack,,,
,Russian court overturns cryptocurrency media ban,,,
,Cryptocurrency Ponzi scam worth Rs 500 crore busted in Mumbai,,,
,Bitcoin, Ethereum and Ripple: Here are the top 10 cryptocurrencies at the moment,,
,Apple co-founder Wozniak backs Jack Dorsey's views on Bitcoin as web's native currency,,,
,Cryptocurrency may soon be considered a commodity on Indonesia’s Stock Exchange,,,
,IMF official suggests central banks to compete with cryptocurrencies,,,
,Japan's SBI Holdings launches first bank-backed crypto exchange,,,
,Cryptocurrency addiction: It's for real and a Scottish clinic offers rehab as well,,,
,Within two weeks of launch, Chinese finance app removes crypto price tracking feature,,
,Hackers demand $1m in Ripple coins after gaining access to sensitive bank data,,,
,Spanish central bank governor says cryptocurrencies pose 'more risks than benefits',,,
,Australian investors lost over Rs 13 crore in cryptocurrency scams in 2017,,,
,China uncovers $47m cryptocurrency ponzi scheme based on tea-backed tokens,,,
,Amid ups and downs, $10K remains elusive for bitcoin,,
,Crypto miners hack 2,000 computers at Aditya Birla Group,,
,Nearly 350 websites infected by in a mass cryptojacking campaign,,,
,Delhi police raid cryptocurrency mining unit in Dehradun, seize equipment,,
,Gujarat bitcoin case: Rs 25 lakh recovered from Ex-BJP MLA's aide,,,
,New chief of South Korean financial watchdog to go softer on cryptocurrency market,,,
