INFY,20171209,LOW
INFY,20171107,LOW
INFY,20170314,LOW
INFY,20170118,LOW
INFY,20161224,LOW
INFY,20161204,LOW
INFY,20161022,LOW
INFY,20160924,LOW
INFY,20160904,LOW
INFY,20160727,LOW
INFY,20160625,LOW
INFY,20160520,LOW
INFY,20160430,LOW
INFY,20160326,LOW
INFY,20160227,LOW
INFY,20160207,LOW
INFY,20160118,LOW
INFY,20151225,LOW
INFY,20151205,LOW
INFY,20151028,LOW
INFY,20150922,LOW
INFY,20150902,LOW
INFY,20150731,LOW
INFY,20150701,LOW
INFY,20150611,LOW
INFY,20150502,LOW
INFY,20150326,LOW
INFY,20150306,LOW
INFY,20150127,LOW
INFY,20140812,LOW
INFY,20140421,LOW
INFY,20140322,LOW
INFY,20140221,LOW
INFY,20140201,LOW
INFY,20131130,LOW
INFY,20130921,LOW
INFY,20130808,LOW
INFY,20130717,LOW
INFY,20130620,LOW
INFY,20130304,LOW
INFY,20130129,LOW
INFY,20121110,LOW
INFY,20121020,LOW
INFY,20120911,LOW
INFY,20120622,LOW
INFY,20120529,LOW
INFY,20120509,LOW
INFY,20120221,LOW
INFY,20120114,LOW
INFY,20111223,LOW
INFY,20111028,LOW
INFY,20110622,LOW
INFY,20110602,LOW
INFY,20110513,LOW
INFY,20110414,LOW
INFY,20110325,LOW
INFY,20110305,LOW
